m,t,v_L,v_M,v_U
"Ours (without
discount factor,
2006-2023)
",1,1,1,1
"Ours (without
discount factor,
2006-2023)
",2,0.7893905159659719,0.9131908104683908,0.9925994510043514
"Ours (without
discount factor,
2006-2023)
",3,0.6661920754780218,0.8345545349000231,0.9792186653229655
"Ours (without
discount factor,
2006-2023)
",4,0.5726835684159096,0.7653282182523744,0.9621632560056296
"Ours (without
discount factor,
2006-2023)
",5,0.49766187216181224,0.7019350563066526,0.942353627286961
"Ours (without
discount factor,
2006-2023)
",6,0.43573693806106484,0.644185013427414,0.9203807376789152
"Ours (without
discount factor,
2006-2023)
",7,0.38369884504223883,0.5916194501420723,0.8963106763726489
"Ours (without
discount factor,
2006-2023)
",8,0.33941594134503805,0.5456278422079547,0.8695556479730695
"Ours (without
discount factor,
2006-2023)
",9,0.301375174350095,0.5015350077470022,0.8413335983668115
"Ours (without
discount factor,
2006-2023)
",10,0.2684532774451439,0.461125553556873,0.8119531743627082
"Ours (without
discount factor,
2006-2023)
",11,0.24011897578856317,0.4240698585941231,0.7816932297197206
"Ours (without
discount factor,
2006-2023)
",12,0.21606932040865434,0.3900727398413523,0.7515073385206157
"Ours (without
discount factor,
2006-2023)
",13,0.19488904812008456,0.3586803795648657,0.7236545356180883
"Ours (without
discount factor,
2006-2023)
",14,0.17615954829259237,0.3311296879191973,0.696324363220441
"Ours (without
discount factor,
2006-2023)
",15,0.15953799205214908,0.3058120773030167,0.6692043405781241
"Ours (without
discount factor,
2006-2023)
",16,0.14474041727293957,0.28252999967365766,0.6423858810471834
"Ours (without
discount factor,
2006-2023)
",17,0.13152935415215827,0.2611061307149706,0.6159482083778697
"Ours (without
discount factor,
2006-2023)
",18,0.1197045716788547,0.24078961089861398,0.5899596782091858
"Ours (without
discount factor,
2006-2023)
",19,0.10909602727952519,0.2213773940343229,0.564478895593721
"Ours (without
discount factor,
2006-2023)
",20,0.0995584078751906,0.20230385823317745,0.5395556791165163
"Ours (without
discount factor,
2006-2023)
",21,0.0903765454072609,0.18583053700441401,0.5152319066487512
"Ours (without
discount factor,
2006-2023)
",22,0.0816151630593859,0.1724807947000445,0.4914959648459326
"Ours (without
discount factor,
2006-2023)
",23,0.07375745486698604,0.15953616616132546,0.46538318015452207
"Ours (without
discount factor,
2006-2023)
",24,0.06670311486520553,0.14849825835050393,0.4399947948130936
"Ours (without
discount factor,
2006-2023)
",25,0.060364005692411335,0.1368519982899894,0.4153771627076386
"Ours (without
discount factor,
2006-2023)
",26,0.05466251499378087,0.126114156048729,0.39156829452111364
"Ours (without
discount factor,
2006-2023)
",27,0.04953016349570355,0.11622403472764797,0.36859839193436356
"Ours (without
discount factor,
2006-2023)
",28,0.044906420532584375,0.10748183092747862,0.34649038338850896
"Ours (without
discount factor,
2006-2023)
",29,0.04094275187987931,0.09874133115056623,0.3252604588478891
"Ours (without
discount factor,
2006-2023)
",30,0.037457254320882385,0.09123242834659623,0.30491860074847993
"Ours (without
discount factor,
2006-2023)
",31,0.034291275501891545,0.08513061702363128,0.2854691082291563
"Ours (without
discount factor,
2006-2023)
",32,0.031412940823927954,0.07892772518943937,0.2669111117802708
"Ours (without
discount factor,
2006-2023)
",33,0.0287938743248844,0.07288990201768604,0.24923907557366098
"Ours (without
discount factor,
2006-2023)
",34,0.026408771846176397,0.06716847442056838,0.23244328493537397
"Ours (without
discount factor,
2006-2023)
",35,0.02423503250982744,0.062069242522017475,0.2195772104173087
"Ours (without
discount factor,
2006-2023)
",36,0.021970839220835568,0.057331740146563115,0.20744656583096416
"Ours (without
discount factor,
2006-2023)
",37,0.01989848946620547,0.05322171566306698,0.19590538736011304
"Ours (without
discount factor,
2006-2023)
",38,0.01802976903769183,0.049321269993279244,0.18493367346325112
"Ours (without
discount factor,
2006-2023)
",39,0.016335117271158682,0.045583662390684315,0.1745112474308262
"Ours (without
discount factor,
2006-2023)
",40,0.01470238220766246,0.04262213313355463,0.16461786248606491
"Ours (without
discount factor,
2006-2023)
",41,0.013234923811724978,0.039538759359234704,0.15523329652241158
"Ours (without
discount factor,
2006-2023)
",42,0.011915861872827407,0.03617881774276178,0.1463374370550133
"Ours (without
discount factor,
2006-2023)
",43,0.010710784296306054,0.033259860156774214,0.1379103569517172
"Ours (without
discount factor,
2006-2023)
",44,0.009387833618076737,0.030968553235527097,0.12993238149744274
"Ours (without
discount factor,
2006-2023)
",45,0.00822407301628254,0.028955722878162934,0.12238414733396485
"Ours (without
discount factor,
2006-2023)
",46,0.007216156799127365,0.027026385209829373,0.11524665380470486
"Ours (without
discount factor,
2006-2023)
",47,0.006372268086658406,0.025201612599951094,0.10850130722083648
"Ours (without
discount factor,
2006-2023)
",48,0.005627943725475587,0.023279294940604215,0.10118461240462875
"Ours (without
discount factor,
2006-2023)
",49,0.0050442165502200135,0.02150390987016902,0.09412214051182716
"Ours (without
discount factor,
2006-2023)
",50,0.004529989146072458,0.01986419765693461,0.08748995496464754
"Ours (without
discount factor,
2006-2023)
",51,0.004068716101803027,0.018349764295700337,0.08195059926572942
"Ours (without
discount factor,
2006-2023)
",52,0.0036549045323798824,0.016951014645848972,0.0770509911985803
"Ours (without
discount factor,
2006-2023)
",53,0.003283633928215516,0.015668936677655777,0.07242734471472614
"Ours (without
discount factor,
2006-2023)
",54,0.0029504963834138774,0.0144658150389913,0.06806626065474475
"Ours (without
discount factor,
2006-2023)
",55,0.0026515430670373203,0.013311561780557877,0.06395478463194441
"Ours (without
discount factor,
2006-2023)
",56,0.0023832362859919996,0.012345588481025741,0.06008041100561867
"Ours (without
discount factor,
2006-2023)
",57,0.0021424065560366433,0.011405231892946063,0.05643108472134917
"Ours (without
discount factor,
2006-2023)
",58,0.0019262141582341852,0.010536626111963076,0.052995201200732714
"Ours (without
discount factor,
2006-2023)
",59,0.0017321147126361882,0.009734284944077522,0.049761604457309254
"Ours (without
discount factor,
2006-2023)
",60,0.0015578283497833419,0.00896219788867481,0.0467195836091628
"Ours (without
discount factor,
2006-2023)
",61,0.001401312104316453,0.008156344004228534,0.04385886795178938
"Ours (without
discount factor,
2006-2023)
",62,0.0012607351941529572,0.007516196964180344,0.04116962074750074
"Ours (without
discount factor,
2006-2023)
",63,0.0011344568837690092,0.0069261093880579275,0.03864243187996758
"Ours (without
discount factor,
2006-2023)
",64,0.0010115292328047652,0.006382183648168699,0.03626830951460502
"Ours (without
discount factor,
2006-2023)
",65,8.943420588615298e-4,0.005884827424463192,0.03403867089745616
"Ours (without
discount factor,
2006-2023)
",66,7.905431518804499e-4,0.005408900481066802,0.03194533241711554
"Ours (without
discount factor,
2006-2023)
",67,6.986282493770877e-4,0.004971137104755183,0.030270608818808917
"Ours (without
discount factor,
2006-2023)
",68,6.172587258127323e-4,0.004568508031557814,0.028770124563571753
"Ours (without
discount factor,
2006-2023)
",69,5.452438021424367e-4,0.0041982214557798195,0.02734495624051947
"Ours (without
discount factor,
2006-2023)
",70,4.815246068465191e-4,0.0038577443527542193,0.025991267783277025
"Ours (without
discount factor,
2006-2023)
",71,4.2515990363229793e-4,0.003563722915725818,0.0247054220202184
"Ours (without
discount factor,
2006-2023)
",72,3.7531331838488416e-4,0.0032921689127399087,0.023483970123156263
"Ours (without
discount factor,
2006-2023)
",73,3.3124191384597857e-4,0.003053585592679291,0.022323641633433495
"Ours (without
discount factor,
2006-2023)
",74,2.9228597501515844e-4,0.0028131081050263365,0.02122133503239447
"Ours (without
discount factor,
2006-2023)
",75,2.5785988150168007e-4,0.002595743234792894,0.020174108825227924
"Ours (without
discount factor,
2006-2023)
",76,2.2744395510437766e-4,0.0023981128602936657,0.019179173109052025
"Ours (without
discount factor,
2006-2023)
",77,2.0057718185544516e-4,0.0022047419841520173,0.018233881597867638
"Ours (without
discount factor,
2006-2023)
",78,1.768507177181736e-4,0.002046948036319264,0.01733572407864436
"Ours (without
discount factor,
2006-2023)
",79,1.5590209616126499e-4,0.0018911933892797718,0.01648231927433732
"Ours (without
discount factor,
2006-2023)
",80,1.374100640199209e-4,0.0017473180286350077,0.015671408091066326
"Ours (without
discount factor,
2006-2023)
",81,1.2108997946823818e-4,0.0016283821556634971,0.01490084722803087
"Ours (without
discount factor,
2006-2023)
",82,1.066897126351728e-4,0.0015199648621470887,0.014168603129991787
"Ours (without
discount factor,
2006-2023)
",83,9.398599545926606e-5,0.0014189356410531065,0.013412136391074282
"Ours (without
discount factor,
2006-2023)
",84,8.27811728526769e-5,0.0013247778571896837,0.012612088782655882
"Ours (without
discount factor,
2006-2023)
",85,7.290031218561847e-5,0.0012139490378690872,0.011858757418508396
"Ours (without
discount factor,
2006-2023)
",86,6.418863255668351e-5,0.0011098471008877651,0.011149526842659047
"Ours (without
discount factor,
2006-2023)
",87,5.650921932749907e-5,0.0010145428966702376,0.010481917950078551
"Ours (without
discount factor,
2006-2023)
",88,4.944771227121544e-5,9.283207845918642e-4,0.009853581698175979
"Ours (without
discount factor,
2006-2023)
",89,4.325851725821787e-5,8.578125511490484e-4,0.009262293044122585
"Ours (without
discount factor,
2006-2023)
",90,3.727339225984485e-5,7.875184525622533e-4,0.008705945105051053
"Ours (without
discount factor,
2006-2023)
",91,3.1805044291481566e-5,7.075486121098563e-4,0.008182543537723743
"Ours (without
discount factor,
2006-2023)
",92,2.71546497460693e-5,6.533411003098474e-4,0.007690201133866622
"Ours (without
discount factor,
2006-2023)
",93,2.3199496652735125e-5,6.085663888159368e-4,0.007227132627020766
"Ours (without
discount factor,
2006-2023)
",94,1.9685720539731794e-5,5.669119679613445e-4,0.006791649706466722
"Ours (without
discount factor,
2006-2023)
",95,1.659693058029467e-5,5.281563323762195e-4,0.0063821562335252685
"Ours (without
discount factor,
2006-2023)
",96,1.3990446110196333e-5,4.920940270856344e-4,0.0059971436553273964
"Ours (without
discount factor,
2006-2023)
",97,1.2517470922847288e-5,4.5620586957671044e-4,0.0056351866109739055
"Ours (without
discount factor,
2006-2023)
",98,1.13875527910811e-5,4.086311883165862e-4,0.005294938724867153
"Ours (without
discount factor,
2006-2023)
",99,1.0395462638995836e-5,3.680374812192464e-4,0.004975128581891978
"Ours (without
discount factor,
2006-2023)
",100,9.523331665820449e-6,3.4165664838891994e-4,0.004674555879046149
"Ours (without
discount factor,
2006-2023)
",101,8.50542185046115e-6,0.00031718532398117034,0.004392087748070976
"Ours (without
discount factor,
2006-2023)
",102,7.374157269363081e-6,2.944837950384635e-4,0.004126655243606896
"Ours (without
discount factor,
2006-2023)
",103,6.391639602098325e-6,2.7342269437149915e-4,0.0038772499913949376
"Ours (without
discount factor,
2006-2023)
",104,5.538565250370363e-6,2.4662562879504136e-4,0.003642920991060853
"Ours (without
discount factor,
2006-2023)
",105,4.798098264021868e-6,2.2406243659387826e-4,0.0034227715680520223
"Ours (without
discount factor,
2006-2023)
",106,4.155560356589019e-6,2.0370458324692897e-4,0.0032159564693464674
"Ours (without
discount factor,
2006-2023)
",107,3.5981590713376832e-6,1.8824413065344033e-4,0.0030216790976165136
"Ours (without
discount factor,
2006-2023)
",108,3.1147495156183672e-6,1.7396027325774967e-4,0.0028391888786050683
"Ours (without
discount factor,
2006-2023)
",109,2.6956256156588484e-6,1.6076319747700084e-4,0.002667778756558843
"Ours (without
discount factor,
2006-2023)
",110,2.332337318166352e-6,1.4856996864141676e-4,0.002506782812658601
"Ours (without
discount factor,
2006-2023)
",111,2.01753058576039e-6,1.3730400212643687e-4,0.0023555740014902394
"Ours (without
discount factor,
2006-2023)
",112,1.744807406086209e-6,1.2689457532201148e-4,0.0022135620007112497
"Ours (without
discount factor,
2006-2023)
",113,1.5086033646639182e-6,1.1727637726994505e-4,0.0020801911691835794
"Ours (without
discount factor,
2006-2023)
",114,1.304080623777414e-6,1.0838909304757765e-4,0.001954938608964997
"Ours (without
discount factor,
2006-2023)
",115,1.1270344081838746e-6,1.0017702020400907e-4,0.0018373123266762293
"Ours (without
discount factor,
2006-2023)
",116,9.738113268778951e-7,9.275367497425262e-5,0.0017268494898889553
"Ours (without
discount factor,
2006-2023)
",117,8.412380619281607e-7,8.588996577352839e-5,0.00162311477430998
"Ours (without
discount factor,
2006-2023)
",118,7.265591335173075e-7,7.953667794706182e-5,0.0015256987976684081
"Ours (without
discount factor,
2006-2023)
",119,6.273826074348602e-7,7.356723104368911e-5,0.0014342166363452019
"Ours (without
discount factor,
2006-2023)
",120,5.416327497872963e-7,6.792622689920658e-5,0.0013483064209170435
"Ours (without
discount factor,
2006-2023)
",121,4.675087557278034e-7,6.246213189695554e-5,0.0012676280069189453
"Ours (without
discount factor,
2006-2023)
",122,4.0344878646673074e-7,5.773642862517447e-5,0.0011918617172616652
"Ours (without
discount factor,
2006-2023)
",123,3.4809864338916103e-7,5.3369116040624866e-5,0.0011300505673035046
"Ours (without
discount factor,
2006-2023)
",124,3.002844912778575e-7,4.9332942940229893e-5,0.0010720416928173843
"Ours (without
discount factor,
2006-2023)
",125,2.589891157499117e-7,4.558791172415458e-5,0.0010170304683715008
"Ours (without
discount factor,
2006-2023)
",126,2.2246075651939725e-7,4.2155241966832115e-5,9.648608042655163e-4
"Ours (without
discount factor,
2006-2023)
",127,1.862492760673122e-7,3.896897853714648e-5,9.153848109788481e-4
"Ours (without
discount factor,
2006-2023)
",128,1.5586025091722292e-7,3.602410119343183e-5,8.684623638045287e-4
"Ours (without
discount factor,
2006-2023)
",129,1.3037122040444645e-7,3.330227691851875e-5,8.239606908948145e-4
"Ours (without
discount factor,
2006-2023)
",130,1.0900332344154866e-7,3.0786568913911924e-5,7.817539834395978e-4
"Ours (without
discount factor,
2006-2023)
",131,9.109940437349685e-8,2.846132994083304e-5,7.417230267699557e-4
"Ours (without
discount factor,
2006-2023)
",132,7.610537594197593e-8,2.631210383682501e-5,7.037548512463279e-4
"Ours (without
discount factor,
2006-2023)
",133,6.355436874292893e-8,2.4325534578848153e-5,6.677424018541779e-4
"Ours (without
discount factor,
2006-2023)
",134,5.305326221862299e-8,2.2489282312412686e-5,6.335842254897632e-4
"Ours (without
discount factor,
2006-2023)
",135,4.427124910772409e-8,2.079194581113235e-5,6.01184174974963e-4
"Ours (without
discount factor,
2006-2023)
",136,3.693013449475816e-8,1.9222990872440823e-5,5.704511288932993e-4
"Ours (without
discount factor,
2006-2023)
",137,3.079611313389043e-8,1.7772684193362226e-5,5.412987263894333e-4
"Ours (without
discount factor,
2006-2023)
",138,2.567280543424671e-8,1.643203230541712e-5,5.136451161217321e-4
"Ours (without
discount factor,
2006-2023)
",139,2.1395364143773845e-8,1.5192725180208089e-5,4.8741271860216974e-4
"Ours (without
discount factor,
2006-2023)
",140,1.782549102186228e-8,1.4047084147176516e-5,4.625280011999399e-4
"Ours (without
discount factor,
2006-2023)
",141,1.4847226231149048e-8,1.2988013792649016e-5,4.3892126512495383e-4
"Ours (without
discount factor,
2006-2023)
",142,1.23633933165977e-8,1.20089575347823e-5,4.1652644374491415e-4
"Ours (without
discount factor,
2006-2023)
",143,1.0292599920975783e-8,1.1103856592531209e-5,3.952809116250979e-4
"Ours (without
discount factor,
2006-2023)
",144,8.566709199103156e-9,1.026111640390876e-5,3.751253037134416e-4
"Ours (without
discount factor,
2006-2023)
",145,7.128709577331766e-9,9.384073673844076e-6,3.560033441250883e-4
"Ours (without
discount factor,
2006-2023)
",146,5.930921354075414e-9,8.58139824693631e-6,3.378616840103943e-4
"Ours (without
discount factor,
2006-2023)
",147,4.933487907479166e-9,7.915621894673885e-6,3.2064974801855134e-4
"Ours (without
discount factor,
2006-2023)
",148,4.1031071891489685e-9,7.328162647523949e-6,3.0431958889556507e-4
"Ours (without
discount factor,
2006-2023)
",149,3.4119659301625046e-9,6.7383276863612945e-6,2.8882574978046866e-4
"Ours (without
discount factor,
2006-2023)
",150,2.8368447332869296e-9,6.222857220759202e-6,2.7412513378735544e-4
"Ours (without
discount factor,
2006-2023)
",151,2.358367116719441e-9,5.746852620329812e-6,2.601768804832409e-4
"Ours (without
discount factor,
2006-2023)
",152,1.946485175100806e-9,5.307289518883669e-6,2.4727780182320284e-4
"Ours (without
discount factor,
2006-2023)
",153,1.5644106015455263e-9,4.9013755433943075e-6,2.3531951367653206e-4
"Ours (without
discount factor,
2006-2023)
",154,1.256251888921749e-9,4.526532499127721e-6,2.2394867276223166e-4
"Ours (without
discount factor,
2006-2023)
",155,1.0079328036756663e-9,4.180379924398583e-6,2.1313601122344177e-4
"Ours (without
discount factor,
2006-2023)
",156,8.080121224369274e-10,3.860719909517242e-6,2.0285373866620613e-4
"Ours (without
discount factor,
2006-2023)
",157,6.471995559007988e-10,3.5655230826205627e-6,1.930754666117137e-4
"Ours (without
discount factor,
2006-2023)
",158,5.179587775306851e-10,3.292915672579582e-6,1.8377613686329378e-4
"Ours (without
discount factor,
2006-2023)
",159,4.141822404472583e-10,3.041167566099324e-6,1.749319535823172e-4
"Ours (without
discount factor,
2006-2023)
",160,3.3092509038281966e-10,2.8086812825129297e-6,1.665203188781734e-4
"Ours (without
discount factor,
2006-2023)
",161,2.641876704172116e-10,2.631538272431685e-6,1.5851977172789874e-4
"Ours (without
discount factor,
2006-2023)
",162,2.107379346009249e-10,2.4670133263015722e-6,1.5090993005086975e-4
"Ours (without
discount factor,
2006-2023)
",163,1.6796660188923078e-10,2.3106945298939265e-6,1.4367143577327974e-4
"Ours (without
discount factor,
2006-2023)
",164,1.3376913918230497e-10,2.14287608096353e-6,1.36785902725919e-4
"Ours (without
discount factor,
2006-2023)
",165,1.0644970493675486e-10,1.9817919350456452e-6,1.3023586722709344e-4
"Ours (without
discount factor,
2006-2023)
",166,8.464304833542407e-11,1.8353904657174463e-6,1.240047412103975e-4
"Ours (without
discount factor,
2006-2023)
",167,6.725107324645812e-11,1.6998289468843172e-6,1.1807676776448739e-4
"Ours (without
discount factor,
2006-2023)
",168,5.3391366230894384e-11,1.572209277382927e-6,1.1243697895905861e-4
"Ours (without
discount factor,
2006-2023)
",169,4.23554746647058e-11,1.4541878298234407e-6,1.0707115583787768e-4
"Ours (without
discount factor,
2006-2023)
",170,3.357512218739095e-11,1.3450413726941162e-6,1.0196579046603307e-4
"Ours (without
discount factor,
2006-2023)
",171,2.6594878842854076e-11,1.2441012800543165e-6,9.710804992452824e-5
"Ours (without
discount factor,
2006-2023)
",172,2.1050074673226848e-11,1.1507493997489256e-6,9.248574215098149e-5
"Ours (without
discount factor,
2006-2023)
",173,1.6648968351394545e-11,1.0644122199694579e-6,8.808728353054034e-5
"Ours (without
discount factor,
2006-2023)
",174,1.3158365167305652e-11,9.822157373018257e-7,8.39016681461678e-5
"Ours (without
discount factor,
2006-2023)
",175,1.0392028354454641e-11,9.063645273679129e-7,7.991843860224445e-5
"Ours (without
discount factor,
2006-2023)
",176,8.201350193231238e-12,8.36368934410574e-7,7.61276583399514e-5
"Ours (without
discount factor,
2006-2023)
",177,6.467849391560093e-12,7.717770740977421e-7,7.251988536718846e-5
"Ours (without
discount factor,
2006-2023)
",178,5.097142919105471e-12,7.121719210988995e-7,6.908614732983566e-5
"Ours (without
discount factor,
2006-2023)
",179,4.014107062283104e-12,6.571686211267479e-7,6.581791785500418e-5
"Ours (without
discount factor,
2006-2023)
",180,3.158996698145404e-12,6.064120101526915e-7,6.270709410056041e-5
"Ours (without
discount factor,
2006-2023)
",181,2.4843359006713124e-12,5.595743248361264e-7,5.974597544864609e-5
"Ours (without
discount factor,
2006-2023)
",182,1.9524288400649975e-12,5.163530894362868e-7,5.692724328417594e-5
"Ours (without
discount factor,
2006-2023)
",183,1.5333690320723472e-12,4.790274200885061e-7,5.424394180238061e-5
"Ours (without
discount factor,
2006-2023)
",184,1.20344858563602e-12,4.445527697491977e-7,5.168945979238342e-5
"Ours (without
discount factor,
2006-2023)
",185,9.438882043870339e-13,4.1257024776857265e-7,4.925751334656581e-5
"Ours (without
discount factor,
2006-2023)
",186,7.398241563158555e-13,3.828988506221019e-7,4.694212944809751e-5
"Ours (without
discount factor,
2006-2023)
",187,5.795009198679373e-13,3.5537078705935375e-7,4.4737630391488266e-5
"Ours (without
discount factor,
2006-2023)
",188,4.536283017565666e-13,3.2983050852180853e-7,4.263861899336815e-5
"Ours (without
discount factor,
2006-2023)
",189,3.548699571962123e-13,3.0607827684053625e-7,4.0639964552930543e-5
"Ours (without
discount factor,
2006-2023)
",190,2.774367978964053e-13,2.831662367939862e-7,3.8736789523580136e-5
"Ours (without
discount factor,
2006-2023)
",191,2.167640488066884e-13,2.6197198462412475e-7,3.692445685932564e-5
"Ours (without
discount factor,
2006-2023)
",192,1.6925495655781998e-13,2.423665198816894e-7,3.519855800135015e-5
"Ours (without
discount factor,
2006-2023)
",193,1.3207755994394684e-13,2.2423054666231921e-7,3.3554901471984054e-5
"Ours (without
discount factor,
2006-2023)
",194,1.0300366712435032e-13,2.0745374217523806e-7,3.198950204500536e-5
"Ours (without
discount factor,
2006-2023)
",195,8.028137630069198e-14,1.9193408055089075e-7,3.0498570462799596e-5
"Ours (without
discount factor,
2006-2023)
",196,6.25342322858522e-14,1.7757720770673463e-7,2.907850367243865e-5
"Ours (without
discount factor,
2006-2023)
",197,4.8681516164954355e-14,1.6429586340757678e-7,2.7725875554181233e-5
"Ours (without
discount factor,
2006-2023)
",198,3.787528821880968e-14,1.520093469498793e-7,2.6437428117268366e-5
"Ours (without
discount factor,
2006-2023)
",199,2.945070112998723e-14,1.3901603829031243e-7,2.521006313918273e-5
"Ours (without
discount factor,
2006-2023)
",200,2.2886816090273903e-14,1.2894629290284434e-7,2.4040834225773225e-5
"Ours (without
discount factor,
2006-2023)
",201,1.7775724883265825e-14,1.2021728792352948e-7,2.2926939270809477e-5
"Ours (without
discount factor,
2006-2023)
",202,1.3798235354791458e-14,1.1140048689702317e-7,2.1865713294635998e-5
"Ours (without
discount factor,
2006-2023)
",203,1.0704739218259921e-14,1.0307461344219224e-7,2.0854621642643544e-5
"Ours (without
discount factor,
2006-2023)
",204,8.30016857377401e-15,9.537190748030319e-8,1.989125352526641e-5
"Ours (without
discount factor,
2006-2023)
",205,6.4321758375843e-15,8.824565486333347e-8,1.897331588215594e-5
"Ours (without
discount factor,
2006-2023)
",206,4.981852982882963e-15,8.16526489717415e-8,1.809862755407213e-5
"Ours (without
discount factor,
2006-2023)
",207,3.856449682916601e-15,7.555292689408458e-8,1.726511374687932e-5
"Ours (without
discount factor,
2006-2023)
",208,2.983663793221723e-15,6.990952548683443e-8,1.6470800772835563e-5
"Ours (without
discount factor,
2006-2023)
",209,2.307167734724642e-15,6.468825581333521e-8,1.571381105512256e-5
"Ours (without
discount factor,
2006-2023)
",210,1.783105627120743e-15,5.985749457443575e-8,1.4992358382285364e-5
"Ours (without
discount factor,
2006-2023)
",211,1.3773523636273352e-15,5.5387991248282813e-08,1.4304743399932383e-5
"Ours (without
discount factor,
2006-2023)
",212,1.0633703115742655e-15,5.125268975378268e-8,1.3649349327695123e-5
"Ours (without
discount factor,
2006-2023)
",213,8.205344320390855e-16,4.7426563541873395e-8,1.3024637890060058e-5
"Ours (without
discount factor,
2006-2023)
",214,6.328242935059642e-16,4.388646310162288e-8,1.2429145450267543e-5
"Ours (without
discount factor,
2006-2023)
",215,4.878032635115291e-16,4.0610974944732484e-8,1.186147933702537e-5
"Ours (without
discount factor,
2006-2023)
",216,3.7582233120191384e-16,3.7580291202812305e-8,1.1320314354306967e-5
"Ours (without
discount factor,
2006-2023)
",217,2.893995196338502e-16,3.477608903720334e-8,1.0804389465001956e-5
"Ours (without
discount factor,
2006-2023)
",218,2.2273646309356867e-16,3.2181419121581945e-8,1.0312504639656799e-5
"Ours (without
discount factor,
2006-2023)
",219,1.7134206369641807e-16,2.9780602513471524e-8,9.843517861990207e-6
"Ours (without
discount factor,
2006-2023)
",220,1.3173968685711283e-16,2.7559135282427604e-8,9.396342283291635e-6
"Ours (without
discount factor,
2006-2023)
",221,1.0123948899272368e-16,2.5503600310416468e-8,8.969943518212807e-6
"Ours (without
discount factor,
2006-2023)
",222,7.77614945909927e-17,2.3601585724026897e-8,8.563337074843112e-6
"Ours (without
discount factor,
2006-2023)
",223,5.96981913318359e-17,2.1841609458953122e-8,8.17558591232163e-6
"Ours (without
discount factor,
2006-2023)
",224,4.5807878646046953e-17,2.021304949488672e-8,7.805798119580891e-6
"Ours (without
discount factor,
2006-2023)
",225,3.5131934436715387e-17,1.8706079333809862e-8,7.453124709143276e-6
"Ours (without
discount factor,
2006-2023)
",226,2.6930672715266216e-17,1.7311608326902017e-8,7.116757520198818e-6
"Ours (without
discount factor,
2006-2023)
",227,2.063364283222063e-17,1.602122648505041e-8,6.795927225486692e-6
"Ours (without
discount factor,
2006-2023)
",228,1.580114046264016e-17,1.4827153435486684e-8,6.489901436779812e-6
"Ours (without
discount factor,
2006-2023)
",229,1.2094417776199837e-17,1.3722191212523232e-8,6.197982904035498e-6
"Ours (without
discount factor,
2006-2023)
",230,9.252639391336667e-18,1.2699680593886965e-8,5.930804444269292e-6
"Ours (without
discount factor,
2006-2023)
",231,7.075066353174936e-18,1.1753460715898098e-8,5.696927113068207e-6
"Ours (without
discount factor,
2006-2023)
",232,5.407289562097351e-18,1.087783172085028e-8,5.472498598766847e-6
"Ours (without
discount factor,
2006-2023)
",233,4.130598005041582e-18,1.0067520208531697e-8,5.257127375204072e-6
"Ours (without
discount factor,
2006-2023)
",234,3.153772378469007e-18,9.317647281015028e-9,5.050438575248453e-6
"Ours (without
discount factor,
2006-2023)
",235,2.4067541938553155e-18,8.623698985729379e-9,4.852073262036198e-6
"Ours (without
discount factor,
2006-2023)
",236,1.835764340547074e-18,7.981498976513812e-9,4.661687733028827e-6
"Ours (without
discount factor,
2006-2023)
",237,1.3995412433978592e-18,7.387183225933524e-9,4.478952855367163e-6
"Ours (without
discount factor,
2006-2023)
",238,1.0664433529948714e-18,6.837176634692337e-9,4.303553431070807e-6
"Ours (without
discount factor,
2006-2023)
",239,8.122185455717588e-19,6.328171395582913e-9,4.1351875907019835e-6
"Ours (without
discount factor,
2006-2023)
",240,6.182878278425123e-19,5.85710698014798e-9,3.9735662141784055e-6
"Ours (without
discount factor,
2006-2023)
",241,4.704254505193985e-19,5.4211516261482335e-9,3.818412377482569e-6
"Ours (without
discount factor,
2006-2023)
",242,3.5774439837051183e-19,5.017685213105728e-9,3.6694608240746528e-6
"Ours (without
discount factor,
2006-2023)
",243,2.7191700555238343e-19,4.644283421675112e-9,3.52645745987266e-6
"Ours (without
discount factor,
2006-2023)
",244,2.0657651116043514e-19,4.298703080436985e-9,3.389158870717561e-6
"Ours (without
discount factor,
2006-2023)
",245,1.5685778424464832e-19,3.978868610959949e-9,3.257331861292321e-6
"Ours (without
discount factor,
2006-2023)
",246,1.190450347592906e-19,3.6828594886831316e-9,3.1307530145125267e-6
"Ours (without
discount factor,
2006-2023)
",247,9.030172681941268e-20,3.408898643370759e-9,3.009208270452681e-6
"Ours (without
discount factor,
2006-2023)
",248,6.846361916194612e-20,3.155341728623653e-9,2.8924925239163507e-6
"Ours (without
discount factor,
2006-2023)
",249,5.188025907707965e-20,2.9206671952333878e-9,2.780409239800347e-6
"Ours (without
discount factor,
2006-2023)
",250,3.929364778492529e-20,2.703467108066886e-9,2.672770085443022e-6
"Ours (without
discount factor,
2006-2023)
",251,2.974540750235899e-20,2.502438650702011e-9,2.5693945791847513e-6
"Ours (without
discount factor,
2006-2023)
",252,2.2505791328504738e-20,2.3163762662261274e-9,2.470109754404876e-6
"Ours (without
discount factor,
2006-2023)
",253,1.7019424205676733e-20,2.144164386485599e-9,2.374749838333751e-6
"Ours (without
discount factor,
2006-2023)
",254,1.2863852911636085e-20,1.984770705658625e-9,2.283155944971258e-6
"Ours (without
discount factor,
2006-2023)
",255,9.717897404936514e-21,1.8372399573381644e-9,2.195175781474423e-6
"Ours (without
discount factor,
2006-2023)
",256,7.337498231032135e-21,1.7006881573768357e-9,2.110663367406321e-6
"Ours (with
discount factor,
2006-2023)
",1,1,1,1
"Ours (with
discount factor,
2006-2023)
",2,0.7770923170248052,0.8707521558244965,0.9828094399953069
"Ours (with
discount factor,
2006-2023)
",3,0.6797059828893603,0.7915588261837152,0.9578245578291444
"Ours (with
discount factor,
2006-2023)
",4,0.5842282395108348,0.7257473103385931,0.9293318780148698
"Ours (with
discount factor,
2006-2023)
",5,0.506801916316713,0.6750148669528098,0.8987870406997452
"Ours (with
discount factor,
2006-2023)
",6,0.4424939318365605,0.6293832167920708,0.867040376133964
"Ours (with
discount factor,
2006-2023)
",7,0.3902134273503154,0.5850643379164762,0.8346685633831404
"Ours (with
discount factor,
2006-2023)
",8,0.34952161327210934,0.5498712121418777,0.7939850235978745
"Ours (with
discount factor,
2006-2023)
",9,0.30863535490087923,0.5200432826151741,0.7525849151829535
"Ours (with
discount factor,
2006-2023)
",10,0.2727433426355702,0.4828134142702727,0.7148237211347483
"Ours (with
discount factor,
2006-2023)
",11,0.2415317314795685,0.45277902466739217,0.6760750563419176
"Ours (with
discount factor,
2006-2023)
",12,0.21422402413206604,0.42670239108920893,0.6367443161019679
"Ours (with
discount factor,
2006-2023)
",13,0.18631740042956288,0.4049330067360033,0.5972618653322204
"Ours (with
discount factor,
2006-2023)
",14,0.16205620179054797,0.3829672453453683,0.5580630532253261
"Ours (with
discount factor,
2006-2023)
",15,0.14150431654529616,0.3625816094140586,0.531670443750234
"Ours (with
discount factor,
2006-2023)
",16,0.12264010676700086,0.3436166929461496,0.5116966057549526
"Ours (with
discount factor,
2006-2023)
",17,0.10671314964468395,0.32593567368101983,0.49265541428098697
"Ours (with
discount factor,
2006-2023)
",18,0.09287347089208443,0.3094200450607023,0.4744861238688219
"Ours (with
discount factor,
2006-2023)
",19,0.08067930661789857,0.29579466569600327,0.45713404983237327
"Ours (with
discount factor,
2006-2023)
",20,0.06966710200964882,0.2794836755976543,0.4405496666639392
"Ours (with
discount factor,
2006-2023)
",21,0.05989485306647952,0.2655502146525811,0.42541276625748903
"Ours (with
discount factor,
2006-2023)
",22,0.05225051796179199,0.2510356092951565,0.4111997022778826
"Ours (with
discount factor,
2006-2023)
",23,0.04573846496247089,0.23281548621243212,0.3975901778414671
"Ours (with
discount factor,
2006-2023)
",24,0.039308065492854524,0.2196043290924981,0.3845487827679763
"Ours (with
discount factor,
2006-2023)
",25,0.03308752112098496,0.21071193178147216,0.37204310380882333
"Ours (with
discount factor,
2006-2023)
",26,0.027810697285589776,0.20230682475465397,0.36004336974289997
"Ours (with
discount factor,
2006-2023)
",27,0.0233429587834922,0.19435256070562157,0.3485221512829877
"Ours (with
discount factor,
2006-2023)
",28,0.019567093118991723,0.18681632587107153,0.3374541054462817
"Ours (with
discount factor,
2006-2023)
",29,0.016531160362917744,0.17966847724613688,0.32681575632246185
"Ours (with
discount factor,
2006-2023)
",30,0.014025466996801303,0.17288215185865788,0.3165853058841873
"Ours (with
discount factor,
2006-2023)
",31,0.011891422259934618,0.16630476444763787,0.30674246978478475
"Ours (with
discount factor,
2006-2023)
",32,0.010075386354462326,0.15906044179973472,0.28883232014597315
"Ours (with
discount factor,
2006-2023)
",33,0.008531187894566326,0.15218658247242117,0.27552569019356865
"Ours (with
discount factor,
2006-2023)
",34,0.007219135443306198,0.14566027419865538,0.26625520447185497
"Ours (with
discount factor,
2006-2023)
",35,0.006105149900249224,0.1394603551744449,0.2573377100866158
"Ours (with
discount factor,
2006-2023)
",36,0.005160005004670891,0.1344638984405444,0.24929551201027925
"Ours (with
discount factor,
2006-2023)
",37,0.004124789155198497,0.1297877448178246,0.24174963251300752
"Ours (with
discount factor,
2006-2023)
",38,0.003209453061038782,0.1253206938743734,0.23447647257315501
"Ours (with
discount factor,
2006-2023)
",39,0.0025037847049977505,0.12105062479185098,0.22746369974898745
"Ours (with
discount factor,
2006-2023)
",40,0.0020337086775815212,0.11411565805890306,0.22069970453384702
"Ours (with
discount factor,
2006-2023)
",41,0.0016884814184583016,0.11047818709902005,0.21418428634283856
"Ours (with
discount factor,
2006-2023)
",42,0.0014014139648089131,0.10699242210988172,0.20792179410147668
"Ours (with
discount factor,
2006-2023)
",43,0.0011628414131137977,0.10365009247318499,0.20187537512318635
"Ours (with
discount factor,
2006-2023)
",44,9.646701335562066e-4,0.10044350579293904,0.19603586732392192
"Ours (with
discount factor,
2006-2023)
",45,8.001307170465201e-4,0.09736549756372102,0.19039460195710622
"Ours (with
discount factor,
2006-2023)
",46,6.635678433273741e-4,0.09440938612517431,0.1849433695557326
"Ours (with
discount factor,
2006-2023)
",47,5.527615138266721e-4,0.09102930893044416,0.17967438883839582
"Ours (with
discount factor,
2006-2023)
",48,4.6107612742536175e-4,0.08777081578576867,0.17458027826426908
"Ours (with
discount factor,
2006-2023)
",49,3.845143789208585e-4,0.08464847073542224,0.16965402996159198
"Ours (with
discount factor,
2006-2023)
",50,3.206005311355547e-4,0.08165550925195049,0.16488898578807526
"Ours (with
discount factor,
2006-2023)
",51,2.672599322189801e-4,0.078785571149772,0.16027881531069077
"Ours (with
discount factor,
2006-2023)
",52,2.2275495002238926e-4,0.07603267147120688,0.15581749551735585
"Ours (with
discount factor,
2006-2023)
",53,1.8563094399385154e-4,0.07339117387524635,0.1514992920946694
"Ours (with
discount factor,
2006-2023)
",54,1.5194176774488503e-4,0.07009413013417515,0.14731874212462676
"Ours (with
discount factor,
2006-2023)
",55,1.2335806795529645e-4,0.06713682545426146,0.14327063806956636
"Ours (with
discount factor,
2006-2023)
",56,1.0004641483687328e-4,0.06516995701562463,0.13935001292883964
"Ours (with
discount factor,
2006-2023)
",57,8.105592756147759e-5,0.06327445673723059,0.13555212646314813
"Ours (with
discount factor,
2006-2023)
",58,6.56028748660632e-5,0.06144710368144141,0.1318724523934105
"Ours (with
discount factor,
2006-2023)
",59,5.304216579401134e-5,0.05960418638541083,0.12738110954910128
"Ours (with
discount factor,
2006-2023)
",60,4.284352950592844e-5,0.05760932542991922,0.12281596700110373
"Ours (with
discount factor,
2006-2023)
",61,3.457164717570641e-5,0.05569078274404497,0.11841766485304989
"Ours (with
discount factor,
2006-2023)
",62,2.7869608080168443e-5,0.053845169981413026,0.11418058521293245
"Ours (with
discount factor,
2006-2023)
",63,2.2445156265684914e-5,0.05206927529431313,0.11053502849238386
"Ours (with
discount factor,
2006-2023)
",64,1.8059275377952745e-5,0.05036005250175661,0.10763033509872039
"Ours (with
discount factor,
2006-2023)
",65,1.4516728967489326e-5,0.04871461103809899,0.1048129794529225
"Ours (with
discount factor,
2006-2023)
",66,1.1658233279358977e-5,0.04713020661681172,0.10207988269979132
"Ours (with
discount factor,
2006-2023)
",67,9.353990501352306e-6,0.045604232550277186,0.09942809593195276
"Ours (with
discount factor,
2006-2023)
",68,7.498353841119133e-6,0.04413421167209168,0.09685479354791482
"Ours (with
discount factor,
2006-2023)
",69,6.005432659713601e-6,0.04271778881336547,0.0943572670205535
"Ours (with
discount factor,
2006-2023)
",70,4.805477115645501e-6,0.04135272378898655,0.09193291904576008
"Ours (with
discount factor,
2006-2023)
",71,3.841908167928239e-6,0.040036884853823236,0.08957925804359647
"Ours (with
discount factor,
2006-2023)
",72,3.0688810462299093e-6,0.038768242592437316,0.08729389298666006
"Ours (with
discount factor,
2006-2023)
",73,2.4492890279834337e-6,0.03754486420911125,0.08507452853248457
"Ours (with
discount factor,
2006-2023)
",74,1.953130092226152e-6,0.036364908187898795,0.08291896043872235
"Ours (with
discount factor,
2006-2023)
",75,1.556172202259347e-6,0.035226619295029765,0.08082507124159204
"Ours (with
discount factor,
2006-2023)
",76,1.238863994831164e-6,0.03412832389836205,0.07879082617964801
"Ours (with
discount factor,
2006-2023)
",77,9.85446857725526e-7,0.03306842558071021,0.07681426934635818
"Ours (with
discount factor,
2006-2023)
",78,7.832320470680028e-7,0.032045401025812666,0.07489352005627367
"Ours (with
discount factor,
2006-2023)
",79,6.220128747576037e-7,0.03105779615744949,0.0730267694107548
"Ours (with
discount factor,
2006-2023)
",80,4.93587293007985e-7,0.030104222513810338,0.0712122770502944
"Ours (with
discount factor,
2006-2023)
",81,3.913705932440431e-7,0.029183353840655138,0.06944836808145972
"Ours (with
discount factor,
2006-2023)
",82,3.1008156958972277e-7,0.028293922888119303,0.06773343016737082
"Ours (with
discount factor,
2006-2023)
",83,2.454884986532556e-7,0.027434718397210345,0.06606591077145232
"Ours (with
discount factor,
2006-2023)
",84,1.9420376312298058e-7,0.026604582263128704,0.06444431454494515
"Ours (with
discount factor,
2006-2023)
",85,1.5351798573921652e-7,0.025802406863538532,0.06286720084935206
"Ours (with
discount factor,
2006-2023)
",86,1.2126621701763066e-7,0.025027132540819518,0.0613331814056206
"Ours (with
discount factor,
2006-2023)
",87,9.572009698445599e-8,0.02427774522815929,0.05984091806244589
"Ours (with
discount factor,
2006-2023)
",88,7.550104015654121e-8,0.023553274210103475,0.05838912067660787
"Ours (with
discount factor,
2006-2023)
",89,5.95104173870604e-8,0.022852790008874763,0.05697654509874624
"Ours (with
discount factor,
2006-2023)
",90,4.687346402497461e-8,0.022175402388408594,0.05560199125842751
"Ours (with
discount factor,
2006-2023)
",91,3.6894261000015055e-8,0.02152025846863731,0.05426430134277399
"Ours (with
discount factor,
2006-2023)
",92,2.9019638712679527e-8,0.020886540943090698,0.052962358063307444
"Ours (with
discount factor,
2006-2023)
",93,2.2810263463197477e-8,0.020273466393374573,0.05169508300601462
"Ours (with
discount factor,
2006-2023)
",94,1.7917499505188004e-8,0.019680283694542108,0.05046143505996881
"Ours (with
discount factor,
2006-2023)
",95,1.4064910597120457e-8,0.01910627250579132,0.04926040892014391
"Ours (with
discount factor,
2006-2023)
",96,1.1010491067181133e-8,0.018550741841306635,0.04809103366033875
"Ours (with
discount factor,
2006-2023)
",97,7.539916674060441e-9,0.018013028716418158,0.0469523713723877
"Ours (with
discount factor,
2006-2023)
",98,5.200413533883138e-9,0.017492496864580213,0.045843515868075904
"Ours (with
discount factor,
2006-2023)
",99,3.6181951274415806e-9,0.01698853552097348,0.04476359144039942
"Ours (with
discount factor,
2006-2023)
",100,2.542812901441938e-9,0.016500558268815572,0.043711751681019845
"Ours (with
discount factor,
2006-2023)
",101,1.8069847679081225e-9,0.016028001944724018,0.042687178350954244
"Ours (with
discount factor,
2006-2023)
",102,1.2992251626748265e-9,0.015329995346743928,0.04168908030172212
"Ours (with
discount factor,
2006-2023)
",103,9.453151434324127e-10,0.014525931227363717,0.040716692444337385
"Ours (with
discount factor,
2006-2023)
",104,6.958325275716372e-10,0.013761852845169812,0.039769274763689036
"Ours (with
discount factor,
2006-2023)
",105,5.178069637374915e-10,0.013035907509916081,0.038846111375999706
"Ours (with
discount factor,
2006-2023)
",106,3.891636232209311e-10,0.012346319968849245,0.037946509627185966
"Ours (with
discount factor,
2006-2023)
",107,2.9503985620514887e-10,0.011691389696255834,0.03706979923007102
"Ours (with
discount factor,
2006-2023)
",108,2.2742021964261204e-10,0.011069488243460683,0.036215331438518135
"Ours (with
discount factor,
2006-2023)
",109,1.781793404195957e-10,0.010479056650482097,0.03538247825666348
"Ours (with
discount factor,
2006-2023)
",110,1.39568181252425e-10,0.009918602920283811,0.03457063168152989
"Ours (with
discount factor,
2006-2023)
",111,1.0929898875753633e-10,0.009386699556320457,0.03377920297739988
"Ours (with
discount factor,
2006-2023)
",112,8.557487908396226e-11,0.008881981163849055,0.033007621980416166
"Ours (with
discount factor,
2006-2023)
",113,6.698484718734174e-11,0.008403142115274181,0.03225533643196282
"Ours (with
discount factor,
2006-2023)
",114,5.2421157945961894e-11,0.007948934279607122,0.03152181133945909
"Ours (with
discount factor,
2006-2023)
",115,4.1014364689861446e-11,0.0076818964101504844,0.030806528363272745
"Ours (with
discount factor,
2006-2023)
",116,3.208220674804499e-11,0.007440655194818856,0.03010898522852909
"Ours (with
discount factor,
2006-2023)
",117,2.508943170014642e-11,0.007207493452503565,0.0294286951606576
"Ours (with
discount factor,
2006-2023)
",118,1.9616214581094514e-11,0.0069821206707869335,0.02875339541209337
"Ours (with
discount factor,
2006-2023)
",119,1.533334050251476e-11,0.0067642576290567686,0.028083964360655012
"Ours (with
discount factor,
2006-2023)
",120,1.1982706850610799e-11,0.006553635920965248,0.02743134160551995
"Ours (with
discount factor,
2006-2023)
",121,9.362008404425263e-12,0.0063499974989855,0.02679506698860102
"Ours (with
discount factor,
2006-2023)
",122,7.31271078749466e-12,0.00615309423994242,0.026174694253203134
"Ours (with
discount factor,
2006-2023)
",123,5.710608366465875e-12,0.005962687530457082,0.025569790575097763
"Ours (with
discount factor,
2006-2023)
",124,4.458412900110723e-12,0.005778547871303346,0.02497993611143455
"Ours (with
discount factor,
2006-2023)
",125,3.4799374943350746e-12,0.005600454499730325,0.02440472356672034
"Ours (with
discount factor,
2006-2023)
",126,2.71553349971949e-12,0.005428195028856767,0.02384375777513357
"Ours (with
discount factor,
2006-2023)
",127,2.11851123663117e-12,0.00526156510329197,0.023296655298477506
"Ours (with
discount factor,
2006-2023)
",128,1.6523330599311856e-12,0.005100368070183998,0.022763044039109892
"Ours (with
discount factor,
2006-2023)
",129,1.2884126010227602e-12,0.004944414664939047,0.022242562867217854
"Ours (with
discount factor,
2006-2023)
",130,1.0043896666116203e-12,0.0047935227108965904,0.021734861261837414
"Ours (with
discount factor,
2006-2023)
",131,7.827782934289254e-13,0.0046475168322829795,0.021239598965045327
"Ours (with
discount factor,
2006-2023)
",132,6.099074809762507e-13,0.004506228179802368,0.020769689118029074
"Ours (with
discount factor,
2006-2023)
",133,4.750914296230561e-13,0.004369494168257621,0.020314928858937945
"Ours (with
discount factor,
2006-2023)
",134,3.699797065558484e-13,0.0042371582256258205,0.01987098970225186
"Ours (with
discount factor,
2006-2023)
",135,2.8759848325986924e-13,0.004109069553043122,0.019437589841723644
"Ours (with
discount factor,
2006-2023)
",136,2.182657575485931e-13,0.003985082895182008,0.01901445557037745
"Ours (with
discount factor,
2006-2023)
",137,1.6554858767868647e-13,0.00386505832053093,0.018601321021368883
"Ours (with
discount factor,
2006-2023)
",138,1.254894726194775e-13,0.0037488610111112734,0.01819792791814537
"Ours (with
discount factor,
2006-2023)
",139,9.506751085051454e-14,0.0036363610611907142,0.01780402533353067
"Ours (with
discount factor,
2006-2023)
",140,7.197820798864028e-14,0.0035274332845743476,0.017419369457374455
"Ours (with
discount factor,
2006-2023)
",141,5.4464694133996535e-14,0.003421957030076227,0.017043723372424234
"Ours (with
discount factor,
2006-2023)
",142,4.118843437150148e-14,0.0033198160047940434,0.01668279075385919
"Ours (with
discount factor,
2006-2023)
",143,3.113025728288172e-14,0.0032208981048286547,0.01634607440020823
"Ours (with
discount factor,
2006-2023)
",144,2.3514642052745508e-14,0.00312509525310803,0.016016836516065478
"Ours (with
discount factor,
2006-2023)
",145,1.775183641127197e-14,0.003032303243992146,0.015694892646018647
"Ours (with
discount factor,
2006-2023)
",146,1.3393635091846246e-14,0.0029424215943513743,0.015380063428228417
"Ours (with
discount factor,
2006-2023)
",147,1.0099616828934054e-14,0.0028553534008261476,0.01507217443600457
"Ours (with
discount factor,
2006-2023)
",148,7.611383111176468e-15,0.0027710052029898432,0.014771056024948975
"Ours (with
discount factor,
2006-2023)
",149,5.73291495825136e-15,0.002689286852150663,0.014476543185444626
"Ours (with
discount factor,
2006-2023)
",150,4.315604360233797e-15,0.002610111385540849,0.01418847540027956
"Ours (with
discount factor,
2006-2023)
",151,3.2468551894767937e-15,0.002533394905654018,0.01390669650720396
"Ours (with
discount factor,
2006-2023)
",152,2.4414079046235157e-15,0.002459056464502785,0.013631054566227681
"Ours (with
discount factor,
2006-2023)
",153,1.834741373977762e-15,0.0023870179525797767,0.013361401731473925
"Ours (with
discount factor,
2006-2023)
",154,1.3780576515745772e-15,0.0023172039923155547,0.013097594127412657
"Ours (with
discount factor,
2006-2023)
",155,1.0344723298707063e-15,0.0022495418358367924,0.012839491729305381
"Ours (with
discount factor,
2006-2023)
",156,7.761224714501219e-16,0.002183961266837304,0.012586958247699797
"Ours (with
discount factor,
2006-2023)
",157,5.819724762035237e-16,0.002120394506383405,0.012339861016819975
"Ours (with
discount factor,
2006-2023)
",158,4.361504804861065e-16,0.002058776122483488,0.012098070886704407
"Ours (with
discount factor,
2006-2023)
",159,3.2668778285476627e-16,0.001999042943259611,0.011861462118950311
"Ours (with
discount factor,
2006-2023)
",160,2.4456424270161603e-16,0.001941133973566485,0.011617011044524426
"Ours (with
discount factor,
2006-2023)
",161,1.8298582460506372e-16,0.0018849903149103996,0.01137451098678251
"Ours (with
discount factor,
2006-2023)
",162,1.3683816516068755e-16,0.001830555088527458,0.011137448731482355
"Ours (with
discount factor,
2006-2023)
",163,1.0227352469338322e-16,0.001777773361486966,0.010905692569132753
"Ours (with
discount factor,
2006-2023)
",164,7.639875198878718e-17,0.0017265920756919253,0.010679114258839863
"Ours (with
discount factor,
2006-2023)
",165,5.703969975149739e-17,0.0016769599796545183,0.010457588928273562
"Ours (with
discount factor,
2006-2023)
",166,4.256346572869577e-17,0.0016288275629299247,0.010240994976814907
"Ours (with
discount factor,
2006-2023)
",167,3.174434532607816e-17,0.0015821469930971798,0.010029213981772565
"Ours (with
discount factor,
2006-2023)
",168,2.366280656119637e-17,0.0015368720551807357,0.009822130607560417
"Ours (with
discount factor,
2006-2023)
",169,1.762939708835297e-17,0.001492958093411254,0.00961963251773286
"Ours (with
discount factor,
2006-2023)
",170,1.3127463808675549e-17,0.001450361955228618,0.009432692170154775
"Ours (with
discount factor,
2006-2023)
",171,9.77005911291633e-18,0.0014090419374345208,0.009250349710679132
"Ours (with
discount factor,
2006-2023)
",172,7.267538954688982e-18,0.001368957734406144,0.009071836035974582
"Ours (with
discount factor,
2006-2023)
",173,5.403214111731929e-18,0.0013300703882862819,0.008897063161184517
"Ours (with
discount factor,
2006-2023)
",174,4.015063612708893e-18,0.0012923422410690579,0.008725945329646234
"Ours (with
discount factor,
2006-2023)
",175,2.982008880183414e-18,0.0012557368885039483,0.00855839895034575
"Ours (with
discount factor,
2006-2023)
",176,2.213617009649815e-18,0.001220219135744146,0.00839434253732627
"Ours (with
discount factor,
2006-2023)
",177,1.6423808675385024e-18,0.0011857549546686215,0.008233696650981942
"Ours (with
discount factor,
2006-2023)
",178,1.2179344153462462e-18,0.0011523114428102312,0.008076383841171942
"Ours (with
discount factor,
2006-2023)
",179,9.027205775315832e-19,0.001119856783825206,0.007922328592091698
"Ours (with
discount factor,
2006-2023)
",180,6.687487355381518e-19,0.001088360209442133,0.007771457268841077
"Ours (with
discount factor,
2006-2023)
",181,4.951691382435654e-19,0.0010577919628312017,0.007623634993838085
"Ours (with
discount factor,
2006-2023)
",182,3.664594240515454e-19,0.0010281232633370572,0.007474856253213834
"Ours (with
discount factor,
2006-2023)
",183,2.7106953557539044e-19,9.993262725209822e-4,0.0073291992198721324
"Ours (with
discount factor,
2006-2023)
",184,2.0040971756864575e-19,9.713740614604834e-4,0.0071865930039272065
"Ours (with
discount factor,
2006-2023)
",185,1.4809515077034904e-19,9.442405792565554e-4,0.007046968469376592
"Ours (with
discount factor,
2006-2023)
",186,1.093824492537721e-19,9.179006227009879e-4,0.006910258186533776
"Ours (with
discount factor,
2006-2023)
",187,8.074951689721664e-20,8.923298070581006e-4,0.006776396385882089
"Ours (with
discount factor,
2006-2023)
",188,5.958246140941263e-20,8.6750453791723e-4,0.006645318913303003
"Ours (with
discount factor,
2006-2023)
",189,4.39424125020007e-20,8.434019840740904e-4,0.006516963186633536
"Ours (with
discount factor,
2006-2023)
",190,3.23919450107206e-20,8.200000514009059e-4,0.006391268153509202
"Ours (with
discount factor,
2006-2023)
",191,2.3865940301393292e-20,7.972773576668806e-4,0.006268174250450568
"Ours (with
discount factor,
2006-2023)
",192,1.7575560421594864e-20,7.752132082721645e-4,0.0061476233631528295
"Ours (with
discount factor,
2006-2023)
",193,1.2936882474974587e-20,7.537875728599987e-4,0.0060295587879394385
"Ours (with
discount factor,
2006-2023)
",194,9.517888386382407e-21,7.329810627731947e-4,0.005913925194342206
"Ours (with
discount factor,
2006-2023)
",195,6.999109804012966e-21,7.127749093224772e-4,0.005800668588771455
"Ours (with
discount factor,
2006-2023)
",196,5.144426020712887e-21,6.931509428355692e-4,0.005689736279241376
"Ours (with
discount factor,
2006-2023)
",197,3.77940694303636e-21,6.740915724571708e-4,0.005581076841116747
"Ours (with
discount factor,
2006-2023)
",198,2.7752600501454514e-21,6.555797666711841e-4,0.005474640083848468
"Ours (with
discount factor,
2006-2023)
",199,2.036937437262641e-21,6.375990345177228e-4,0.005370377018666496
"Ours (with
discount factor,
2006-2023)
",200,1.4943294377797306e-21,6.201334074785514e-4,0.0052682398271998825
"Ours (with
discount factor,
2006-2023)
",201,1.0957471295012416e-21,6.031674220056675e-4,0.005168181830994609
"Ours (with
discount factor,
2006-2023)
",202,8.031012962049969e-22,5.866861026687424e-4,0.005070157461901022
"Ours (with
discount factor,
2006-2023)
",203,5.883380963326773e-22,5.706749458981488e-4,0.004974122233303574
"Ours (with
discount factor,
2006-2023)
",204,4.308051958279623e-22,5.551199043012008e-4,0.004880032712166542
"Ours (with
discount factor,
2006-2023)
",205,3.1530645811366174e-22,5.400073715301487e-4,0.004787846491870366
"Ours (with
discount factor,
2006-2023)
",206,2.3066591329789263e-22,5.253241676813134e-4,0.004697522165813947
"Ours (with
discount factor,
2006-2023)
",207,1.6866821303375076e-22,5.110575252055807e-4,0.004609019301759323
"Ours (with
discount factor,
2006-2023)
",208,1.2327726046688434e-22,4.97195075311243e-4,0.004522298416895721
"Ours (with
discount factor,
2006-2023)
",209,9.006027129183365e-23,4.8372483484093585e-4,0.004437320953600909
"Ours (with
discount factor,
2006-2023)
",210,6.576346762159374e-23,4.706351936051408e-4,0.004354049255878477
"Ours (with
discount factor,
2006-2023)
",211,4.7999638345826615e-23,4.579149021554073e-4,0.004272446546450331
"Ours (with
discount factor,
2006-2023)
",212,3.5018186861721224e-23,4.455530599811099e-4,0.0041924769044845225
"Ours (with
discount factor,
2006-2023)
",213,2.553597220007958e-23,4.3353910411419755e-4,0.004114105243939034
"Ours (with
discount factor,
2006-2023)
",214,1.861293257523651e-23,4.218627981269815e-4,0.004037297292502919
"Ours (with
discount factor,
2006-2023)
",215,1.3560680674685477e-23,4.105142215086115e-4,0.003962019571116734
"Ours (with
discount factor,
2006-2023)
",216,9.875362814323986e-24,3.994837594064246e-4,0.003888239374054861
"Ours (with
discount factor,
2006-2023)
",217,7.188364992937074e-24,3.88762092718909e-4,0.003815924749552786
"Ours (with
discount factor,
2006-2023)
",218,5.230139464725903e-24,3.783401885275142e-4,0.003745044480963136
"Ours (with
discount factor,
2006-2023)
",219,3.803672385486374e-24,3.682092908550489e-4,0.003678666401000186
"Ours (with
discount factor,
2006-2023)
",220,2.7650323316062703e-24,3.583609117388682e-4,0.003614893750797034
"Ours (with
discount factor,
2006-2023)
",221,2.009116814885602e-24,3.487868226075072e-4,0.003552318593499154
"Ours (with
discount factor,
2006-2023)
",222,1.4592127347065115e-24,3.3947904594985406e-4,0.0034909164666237866
"Ours (with
discount factor,
2006-2023)
",223,1.059353881496724e-24,3.304298472663641e-4,0.0034306634535819884
"Ours (with
discount factor,
2006-2023)
",224,7.6872873966589185e-25,3.216317272922262e-4,0.00337153617032459
"Ours (with
discount factor,
2006-2023)
",225,5.575904806664244e-25,3.130774144827638e-4,0.0033135117523471237
"Ours (with
discount factor,
2006-2023)
",226,4.0426703530343037e-25,3.0475985775173264e-4,0.0032565678420431446
"Ours (with
discount factor,
2006-2023)
",227,2.9297638731558835e-25,2.966722194535167e-4,0.0032006825763956494
"Ours (with
discount factor,
2006-2023)
",228,2.1223098106563336e-25,2.8880786860057935e-4,0.003145834574996664
"Ours (with
discount factor,
2006-2023)
",229,1.5367293077065248e-25,2.81160374307827e-4,0.0030920029283853755
"Ours (with
discount factor,
2006-2023)
",230,1.1122411288053577e-25,2.7372349945588997e-4,0.0030391671866955073
"Ours (with
discount factor,
2006-2023)
",231,8.046630549480716e-26,2.66491194565583e-4,0.0029873073486029163
"Ours (with
discount factor,
2006-2023)
",232,5.818931631030414e-26,2.594575918761342e-4,0.002936403850564718
"Ours (with
discount factor,
2006-2023)
",233,4.20617242895005e-26,2.5261699962002087e-4,0.0028864375563414438
"Ours (with
discount factor,
2006-2023)
",234,3.039107448225585e-26,2.4596389648753257e-4,0.002837389746794134
"Ours (with
discount factor,
2006-2023)
",235,2.1949303251746918e-26,2.3949292627442273e-4,0.0027892421099483655
"Ours (with
discount factor,
2006-2023)
",236,1.5845708297183987e-26,2.3319889270627012e-4,0.002741976731317615
"Ours (with
discount factor,
2006-2023)
",237,1.1434556859991303e-26,2.2707675443339634e-4,0.002695576084478508
"Ours (with
discount factor,
2006-2023)
",238,8.247917530452844e-27,2.211216201904139e-4,0.0026500230218907544
"Ours (with
discount factor,
2006-2023)
",239,5.946851500363469e-27,2.1532874411469923e-4,0.0026053007659548196
"Ours (with
discount factor,
2006-2023)
",240,4.285960948663335e-27,2.0969352121829555e-4,0.002561392900300591
"Ours (with
discount factor,
2006-2023)
",241,3.087650771017314e-27,2.042114830079414e-4,0.0025182833613004666
"Ours (with
discount factor,
2006-2023)
",242,2.2234506682481132e-27,1.9887829324812868e-4,0.0024759564298005776
"Ours (with
discount factor,
2006-2023)
",243,1.6004668869731677e-27,1.9368974386226745e-4,0.002434396723063959
"Ours (with
discount factor,
2006-2023)
",244,1.1515591881179116e-27,1.8864175096721918e-4,0.002393589186919764
"Ours (with
discount factor,
2006-2023)
",245,8.282219119108844e-28,1.8373035103662916e-4,0.0023535190881127047
"Ours (with
discount factor,
2006-2023)
",246,5.954270318856634e-28,1.7895169718865875e-4,0.002314172006847177
"Ours (with
discount factor,
2006-2023)
",247,4.278901162607678e-28,1.7430205559386752e-4,0.002275533829520627
"Ours (with
discount factor,
2006-2023)
",248,3.073677744954827e-28,1.6977780199916025e-4,0.0022375907416408818
"Ours (with
discount factor,
2006-2023)
",249,2.2070250930722984e-28,1.6537541836384942e-4,0.0022003292209224097
"Ours (with
discount factor,
2006-2023)
",250,1.5840889242922216e-28,1.610914896040312e-4,0.002163674816016297
"Ours (with
discount factor,
2006-2023)
",251,1.1365163202789973e-28,1.5692270044161027e-4,0.0021262758097819892
"Ours (with
discount factor,
2006-2023)
",252,8.150722541939566e-29,1.5286583235443434e-4,0.0020895657822097005
"Ours (with
discount factor,
2006-2023)
",253,5.843073308225187e-29,1.489177606241291e-4,0.002053531141305878
"Ours (with
discount factor,
2006-2023)
",254,4.187085491808017e-29,1.4507545147834412e-4,0.0020181585835381114
"Ours (with
discount factor,
2006-2023)
",255,2.999218194631098e-29,1.4133595932423735e-4,0.0019834350872215004
"Ours (with
discount factor,
2006-2023)
",256,2.1474868128144892e-29,1.3769642407013803e-4,0.001949347906069423
